{"cameraMode":{"drawMode":0,"name":"Shaded","section":"Shading Mode"},"sceneLighting":true,"audioPlay":false,"sceneViewState":{"m_AlwaysRefresh":false,"showFog":true,"showSkybox":true,"showFlares":true,"showImageEffects":true,"showParticleSystems":true,"showVisualEffectGraphs":true,"m_FxEnabled":true},"in2DMode":false,"pivot":{"x":-37.036766052246097,"y":-44.00450897216797,"z":-3.6886558532714845},"rotation":{"x":0.24850384891033173,"y":-0.7274091839790344,"z":0.33132094144821169,"w":0.5487664937973023},"size":39.978111267089847,"orthographic":false}